date,section,contenu
14/06/2026 22:35,Présentation,"Titulaire d'un BTS Gestion de la PME, je me réoriente vers le développement web et applicatif 
                en intégrant le BTS SIO option SLAM au CFA ITIS d'Évry. Mon stage en tant qu'assistant informatique 
                m'a permis de m'initier à la programmation via Python et a confirmé mon choix d'orientation. 
                Je souhaite apprendre au contact d'une équipe expérimentée et progresser sur des projets concrets."
14/06/2026 22:35,Formation,"BTS Services Informatiques aux Organisations (SIO) — CFA ITIS, 2026-2028, Évry-Courcouronnes 91
BTS Gestion de la PME (Obtenu) — Lycée Marcel Pagnol, 2022-2025, Athis-Mons 91
Baccalauréat professionnel Gestion Administration (Obtenu) — Lycée Gustave Eiffel, 2018-2021, Ermont 95
"
14/06/2026 22:35,Expérience,"Préparateur de commande - CDI étudiant
Novembre 2024 - ACTUELLEMENT EN POSTE
• Préparation de commande vocale
• Picking et constitution de palettes destinées aux magasins Lidl avec optimisation du chargement
• Conduite de chariot élévateur CACES 1B

Vendeur - Stage
Janvier 2024 - Mars 2024
• Utilisation de logiciels de gestion pour la facturation et les devis
• Relation client et encaissement
• Gestion des stocks et réception des commandes avec contrôle qualité

Assistant informatique - Stage
Mai 2023 - Juin 2023
• Développement Python : Conception d'un script de Web Scraping pour l'extraction automatisée de tarifs prestataires vers des fichiers CSV dans le cadre d'une veille concurrentielle
• Projet Personnel : Création d'un prototype de jeu Pac-Man sur VS Code en Python avec gestion de la logique de mouvement et des collisions
• Gestion Administrative : Réalisation de devis, factures

"
14/06/2026 22:35,Compétences,"Compétences
Informatique
Initiation à la programmation Python, utilisation de VS Code, 
                logique de Web Scraping et extraction de données.
Environnement
VS Code
Windows
Bureautique
Pack Office: Word, Excel
Utilisation de logiciels de gestion ERP et facturation
Qualités
Autonome
Rigoureux
Curieux
Esprit d'équipe
En cours d'apprentissage
Python: apprentissage autonome
HTML/CSS/JS: apprentissage autonome
Langue
Anglais B1"
14/06/2026 22:35,Centres d'intérêt,"• Jeux vidéo
• Montage PC
• Formation en ligne OpenClassrooms
• Vulgarisation scientifique
• Badminton: 1 an
"
